ProdID,CategoryName,Subcategory,ProductName
210,Components,Road Frames,"HL Road Frame - Black, 58"
211,Components,Road Frames,"HL Road Frame - Red, 58"
212,Accessories,Helmets,"Sport-100 Helmet, Red1"
213,Accessories,Helmets,"Sport-100 Helmet, Red2"
214,Accessories,Helmets,"Sport-100 Helmet, Red3"
215,Accessories,Helmets,"Sport-100 Helmet, Black1"
216,Accessories,Helmets,"Sport-100 Helmet, Black2"
217,Accessories,Helmets,"Sport-100 Helmet, Black3"
218,Clothing,Socks,"Mountain Bike Socks, M"
219,Clothing,Socks,"Mountain Bike Socks, L"
220,Accessories,Helmets,"Sport-100 Helmet, Blue1"
221,Accessories,Helmets,"Sport-100 Helmet, Blue2"
222,Accessories,Helmets,"Sport-100 Helmet, Blue3"
223,Clothing,Caps,AWC Logo Cap-A
224,Clothing,Caps,AWC Logo Cap-B
225,Clothing,Caps,AWC Logo Cap-C
226,Clothing,Jerseys,"Long-Sleeve Logo Jersey, SA"
227,Clothing,Jerseys,"Long-Sleeve Logo Jersey, SB"
228,Clothing,Jerseys,"Long-Sleeve Logo Jersey, SC"
229,Clothing,Jerseys,"Long-Sleeve Logo Jersey, MA"
230,Clothing,Jerseys,"Long-Sleeve Logo Jersey, MB"
231,Clothing,Jerseys,"Long-Sleeve Logo Jersey, MC"
232,Clothing,Jerseys,"Long-Sleeve Logo Jersey, LA"
233,Clothing,Jerseys,"Long-Sleeve Logo Jersey, L"
234,Clothing,Jerseys,"Long-Sleeve Logo Jersey, LB"
235,Clothing,Jerseys,"Long-Sleeve Logo Jersey, XLA"
236,Clothing,Jerseys,"Long-Sleeve Logo Jersey, XLB"
237,Clothing,Jerseys,"Long-Sleeve Logo Jersey, XLC"
238,Components,Road Frames,"HL Road Frame - Red, 62a"
239,Components,Road Frames,"HL Road Frame - Red, 62B"
240,Components,Road Frames,"HL Road Frame - Red, 62C"
241,Components,Road Frames,"HL Road Frame - Red, 44"
242,Components,Road Frames,"HL Road Frame - Red, 92"
243,Components,Road Frames,"HL Road Frame - Red, 101"
244,Components,Road Frames,"HL Road Frame - Red, 48"
245,Components,Road Frames,"HL Road Frame - Red, 102"
246,Components,Road Frames,"HL Road Frame - Red, 103"
247,Components,Road Frames,"HL Road Frame - Red, 52"
248,Components,Road Frames,"HL Road Frame - Red, 502"
249,Components,Road Frames,"HL Road Frame - Red, 520"
250,Components,Road Frames,"HL Road Frame - Red, 561"
251,Components,Road Frames,"HL Road Frame - Red, 562"
252,Components,Road Frames,"HL Road Frame - Red, 563"
253,Components,Road Frames,"LL Road Frame - Black, 658"
254,Components,Road Frames,"LL Road Frame - Black, 758"
255,Components,Road Frames,"LL Road Frame - Black, 858"
256,Components,Road Frames,"LL Road Frame - Black, 601"
257,Components,Road Frames,"LL Road Frame - Black, 602"
258,Components,Road Frames,"LL Road Frame - Black, 603"
259,Components,Road Frames,"LL Road Frame - Black, 621"
260,Components,Road Frames,"LL Road Frame - Black, 622"
261,Components,Road Frames,"LL Road Frame - Black, 623"
262,Components,Road Frames,"LL Road Frame - Red, 4401"
263,Components,Road Frames,"LL Road Frame - Red, 4402"
264,Components,Road Frames,"LL Road Frame - Red, 4801"
265,Components,Road Frames,"LL Road Frame - Red, 4802"
266,Components,Road Frames,"LL Road Frame - Red, 5201"
267,Components,Road Frames,"LL Road Frame - Red, 5202"
268,Components,Road Frames,"LL Road Frame - Red, 5801"
269,Components,Road Frames,"LL Road Frame - Red, 5802"
270,Components,Road Frames,"LL Road Frame - Red, 6051"
271,Components,Road Frames,"LL Road Frame - Red, 6052"
272,Components,Road Frames,"LL Road Frame - Red, 6251"
273,Components,Road Frames,"LL Road Frame - Red, 6252"
274,Components,Road Frames,"ML Road Frame - Red, 44"
275,Components,Road Frames,"ML Road Frame - Red, 48"
276,Components,Road Frames,"ML Road Frame - Red, 52"
277,Components,Road Frames,"ML Road Frame - Red, 58"
278,Components,Road Frames,"ML Road Frame - Red, 60"
279,Components,Road Frames,"LL Road Frame - Black, 441"
280,Components,Road Frames,"LL Road Frame - Black, 442"
281,Components,Road Frames,"LL Road Frame - Black, 443"
282,Components,Road Frames,"LL Road Frame - Black, 481"
283,Components,Road Frames,"LL Road Frame - Black, 482"
284,Components,Road Frames,"LL Road Frame - Black, 483"
285,Components,Road Frames,"LL Road Frame - Black, 152"
286,Components,Road Frames,"LL Road Frame - Black, 252"
287,Components,Road Frames,"LL Road Frame - Black, 352"
288,Components,Mountain Frames,"HL Mountain Frame - Silver, 42"
289,Components,Mountain Frames,"HL Mountain Frame - Silver, 43"
290,Components,Mountain Frames,"HL Mountain Frame - Silver, 92"
291,Components,Mountain Frames,"HL Mountain Frame - Silver, 44"
292,Components,Mountain Frames,"HL Mountain Frame - Silver, 48"
293,Components,Mountain Frames,"HL Mountain Frame - Silver, 46"
294,Components,Mountain Frames,"HL Mountain Frame - Silver, 47"
295,Components,Mountain Frames,"HL Mountain Frame - Silver, 51"
296,Components,Mountain Frames,"HL Mountain Frame - Black, 42"
297,Components,Mountain Frames,"HL Mountain Frame - Black, 43"
298,Components,Mountain Frames,"HL Mountain Frame - Black, 44"
299,Components,Mountain Frames,"HL Mountain Frame - Black, 45"
300,Components,Mountain Frames,"HL Mountain Frame - Black, 48X"
301,Components,Mountain Frames,"HL Mountain Frame - Black, 46"
302,Components,Mountain Frames,"HL Mountain Frame - Black, 47"
303,Components,Mountain Frames,"HL Mountain Frame - Black, 48Y"
304,Components,Mountain Frames,"HL Mountain Frame - Black, 38"
305,Components,Mountain Frames,"HL Mountain Frame - Black, 39"
306,Components,Mountain Frames,"HL Mountain Frame - Black, 40"
307,Components,Mountain Frames,"HL Mountain Frame - Silver, 71"
308,Components,Mountain Frames,"HL Mountain Frame - Silver, 72"
309,Components,Mountain Frames,"HL Mountain Frame - Silver, 73"
310,Bikes,Road Bikes,"Road-150 Red, 62"
311,Bikes,Road Bikes,"Road-150 Red, 44"
312,Bikes,Road Bikes,"Road-150 Red, 48"
313,Bikes,Road Bikes,"Road-150 Red, 52"
314,Bikes,Road Bikes,"Road-150 Red, 56"
315,Bikes,Road Bikes,"Road-450 Red, 58"
316,Bikes,Road Bikes,"Road-450 Red, 60"
317,Bikes,Road Bikes,"Road-450 Red, 44"
